Automated commit on Tue Mar 25 01:11:43 UTC 2025
Automated commit on Wed Mar 26 01:11:11 UTC 2025
Automated commit on Thu Mar 27 01:10:43 UTC 2025
Automated commit on Fri Mar 28 01:10:54 UTC 2025
Automated commit on Sat Mar 29 01:10:13 UTC 2025
Automated commit on Sun Mar 30 01:16:35 UTC 2025
Automated commit on Mon Mar 31 01:14:54 UTC 2025
Automated commit on Tue Apr  1 01:19:47 UTC 2025
Automated commit on Wed Apr  2 01:12:19 UTC 2025
Automated commit on Thu Apr  3 01:11:28 UTC 2025
Automated commit on Fri Apr  4 01:11:27 UTC 2025
Automated commit on Sat Apr  5 01:10:20 UTC 2025
Automated commit on Sun Apr  6 01:15:51 UTC 2025
Automated commit on Mon Apr  7 01:13:51 UTC 2025
Automated commit on Tue Apr  8 01:11:53 UTC 2025
Automated commit on Wed Apr  9 01:12:03 UTC 2025
Automated commit on Thu Apr 10 01:12:00 UTC 2025
Automated commit on Fri Apr 11 01:12:35 UTC 2025
Automated commit on Sat Apr 12 01:10:53 UTC 2025
Automated commit on Sun Apr 13 02:39:49 UTC 2025
Automated commit on Mon Apr 14 01:15:14 UTC 2025
Automated commit on Tue Apr 15 01:14:24 UTC 2025
Automated commit on Wed Apr 16 01:13:51 UTC 2025
Automated commit on Thu Apr 17 01:12:59 UTC 2025
Automated commit on Fri Apr 18 01:12:21 UTC 2025
Automated commit on Sat Apr 19 01:10:12 UTC 2025
Automated commit on Sun Apr 20 01:18:01 UTC 2025
Automated commit on Mon Apr 21 01:16:38 UTC 2025
Automated commit on Tue Apr 22 01:13:23 UTC 2025
Automated commit on Wed Apr 23 01:13:32 UTC 2025
Automated commit on Thu Apr 24 01:13:44 UTC 2025
Automated commit on Fri Apr 25 01:14:09 UTC 2025
Automated commit on Sat Apr 26 01:11:25 UTC 2025
Automated commit on Sun Apr 27 01:18:07 UTC 2025
Automated commit on Mon Apr 28 01:16:01 UTC 2025
Automated commit on Tue Apr 29 01:14:08 UTC 2025
Automated commit on Wed Apr 30 01:14:26 UTC 2025
Automated commit on Thu May  1 01:20:52 UTC 2025
Automated commit on Fri May  2 01:14:44 UTC 2025
Automated commit on Sat May  3 01:13:06 UTC 2025
Automated commit on Sun May  4 01:21:34 UTC 2025
Automated commit on Mon May  5 01:17:46 UTC 2025
Automated commit on Tue May  6 01:15:10 UTC 2025
Automated commit on Wed May  7 01:15:36 UTC 2025
Automated commit on Thu May  8 01:16:09 UTC 2025
Automated commit on Fri May  9 01:15:30 UTC 2025
Automated commit on Sat May 10 01:12:56 UTC 2025
Automated commit on Sun May 11 01:20:17 UTC 2025
Automated commit on Mon May 12 01:18:23 UTC 2025
Automated commit on Tue May 13 01:16:48 UTC 2025
Automated commit on Wed May 14 01:15:34 UTC 2025
Automated commit on Thu May 15 01:13:37 UTC 2025
Automated commit on Fri May 16 01:16:37 UTC 2025
Automated commit on Sat May 17 01:14:53 UTC 2025
Automated commit on Sun May 18 01:21:13 UTC 2025
Automated commit on Mon May 19 01:19:43 UTC 2025
Automated commit on Tue May 20 01:17:33 UTC 2025
Automated commit on Wed May 21 01:17:03 UTC 2025
Automated commit on Thu May 22 01:16:19 UTC 2025
Automated commit on Fri May 23 01:16:16 UTC 2025
Automated commit on Sat May 24 01:13:31 UTC 2025
Automated commit on Sun May 25 01:23:12 UTC 2025
Automated commit on Mon May 26 01:18:33 UTC 2025
Automated commit on Tue May 27 01:15:45 UTC 2025
Automated commit on Wed May 28 01:17:23 UTC 2025
Automated commit on Thu May 29 01:17:03 UTC 2025
Automated commit on Fri May 30 01:15:07 UTC 2025
Automated commit on Sat May 31 01:15:15 UTC 2025
Automated commit on Sun Jun  1 01:39:18 UTC 2025
Automated commit on Mon Jun  2 01:20:13 UTC 2025
Automated commit on Tue Jun  3 01:18:23 UTC 2025
Automated commit on Wed Jun  4 01:18:09 UTC 2025
Automated commit on Thu Jun  5 01:17:21 UTC 2025
Automated commit on Fri Jun  6 01:17:05 UTC 2025
Automated commit on Sat Jun  7 01:16:37 UTC 2025
Automated commit on Sun Jun  8 01:24:35 UTC 2025
Automated commit on Mon Jun  9 01:21:43 UTC 2025
Automated commit on Tue Jun 10 01:18:56 UTC 2025
Automated commit on Wed Jun 11 01:18:55 UTC 2025
Automated commit on Thu Jun 12 01:17:33 UTC 2025
Automated commit on Fri Jun 13 01:18:47 UTC 2025
Automated commit on Sat Jun 14 01:15:40 UTC 2025
Automated commit on Sun Jun 15 01:26:20 UTC 2025
Automated commit on Mon Jun 16 01:20:53 UTC 2025
Automated commit on Tue Jun 17 01:19:05 UTC 2025
Automated commit on Wed Jun 18 01:18:07 UTC 2025
Automated commit on Thu Jun 19 01:18:40 UTC 2025
Automated commit on Fri Jun 20 01:18:02 UTC 2025
Automated commit on Sat Jun 21 01:17:13 UTC 2025
Automated commit on Sun Jun 22 01:25:31 UTC 2025
Automated commit on Mon Jun 23 01:23:15 UTC 2025
Automated commit on Tue Jun 24 01:19:07 UTC 2025
Automated commit on Wed Jun 25 01:19:41 UTC 2025
Automated commit on Thu Jun 26 01:18:32 UTC 2025
Automated commit on Fri Jun 27 01:19:25 UTC 2025
Automated commit on Sat Jun 28 01:16:34 UTC 2025
Automated commit on Sun Jun 29 01:27:17 UTC 2025
Automated commit on Mon Jun 30 01:23:31 UTC 2025
Automated commit on Tue Jul  1 01:27:16 UTC 2025
Automated commit on Wed Jul  2 01:19:12 UTC 2025
Automated commit on Thu Jul  3 01:19:17 UTC 2025
Automated commit on Fri Jul  4 01:18:51 UTC 2025
Automated commit on Sat Jul  5 01:16:11 UTC 2025
Automated commit on Sun Jul  6 01:26:04 UTC 2025
Automated commit on Mon Jul  7 01:23:34 UTC 2025
Automated commit on Tue Jul  8 01:19:46 UTC 2025
Automated commit on Wed Jul  9 01:20:43 UTC 2025
Automated commit on Thu Jul 10 01:20:35 UTC 2025
Automated commit on Fri Jul 11 01:21:37 UTC 2025
Automated commit on Sat Jul 12 01:23:02 UTC 2025
Automated commit on Sun Jul 13 01:37:27 UTC 2025
Automated commit on Mon Jul 14 01:24:57 UTC 2025
Automated commit on Tue Jul 15 01:25:27 UTC 2025
Automated commit on Wed Jul 16 01:22:40 UTC 2025
Automated commit on Thu Jul 17 01:23:36 UTC 2025
Automated commit on Fri Jul 18 01:22:50 UTC 2025
Automated commit on Sat Jul 19 01:20:34 UTC 2025
Automated commit on Sun Jul 20 01:38:58 UTC 2025
Automated commit on Mon Jul 21 01:27:29 UTC 2025
Automated commit on Tue Jul 22 01:23:18 UTC 2025
Automated commit on Wed Jul 23 01:24:19 UTC 2025
Automated commit on Thu Jul 24 01:23:45 UTC 2025
Automated commit on Fri Jul 25 01:23:27 UTC 2025
Automated commit on Sat Jul 26 01:21:30 UTC 2025
Automated commit on Sun Jul 27 01:39:49 UTC 2025
Automated commit on Mon Jul 28 01:38:24 UTC 2025
Automated commit on Tue Jul 29 01:43:23 UTC 2025
Automated commit on Wed Jul 30 01:25:27 UTC 2025
Automated commit on Thu Jul 31 01:24:52 UTC 2025
Automated commit on Fri Aug  1 01:43:11 UTC 2025
Automated commit on Sat Aug  2 01:21:24 UTC 2025
Automated commit on Sun Aug  3 01:41:09 UTC 2025
Automated commit on Mon Aug  4 01:41:16 UTC 2025
Automated commit on Tue Aug  5 01:27:03 UTC 2025
Automated commit on Wed Aug  6 01:25:22 UTC 2025
Automated commit on Thu Aug  7 01:26:00 UTC 2025
Automated commit on Fri Aug  8 01:25:26 UTC 2025
Automated commit on Sat Aug  9 01:18:48 UTC 2025
Automated commit on Sun Aug 10 01:38:20 UTC 2025
Automated commit on Mon Aug 11 01:26:03 UTC 2025
Automated commit on Tue Aug 12 01:17:56 UTC 2025
Automated commit on Wed Aug 13 01:19:30 UTC 2025
Automated commit on Thu Aug 14 01:19:52 UTC 2025
Automated commit on Fri Aug 15 01:20:18 UTC 2025
Automated commit on Sat Aug 16 01:16:23 UTC 2025
Automated commit on Sun Aug 17 01:25:08 UTC 2025
Automated commit on Mon Aug 18 01:24:36 UTC 2025
Automated commit on Tue Aug 19 01:16:26 UTC 2025
Automated commit on Wed Aug 20 01:14:37 UTC 2025
Automated commit on Thu Aug 21 01:13:37 UTC 2025
Automated commit on Fri Aug 22 01:14:26 UTC 2025
Automated commit on Sat Aug 23 01:12:01 UTC 2025
Automated commit on Sun Aug 24 01:22:20 UTC 2025
Automated commit on Mon Aug 25 01:17:29 UTC 2025
Automated commit on Tue Aug 26 01:15:21 UTC 2025
Automated commit on Wed Aug 27 01:13:07 UTC 2025
Automated commit on Thu Aug 28 01:12:28 UTC 2025
Automated commit on Fri Aug 29 01:12:28 UTC 2025
Automated commit on Sat Aug 30 01:08:55 UTC 2025
Automated commit on Sun Aug 31 01:17:13 UTC 2025
Automated commit on Mon Sep  1 01:24:01 UTC 2025
Automated commit on Tue Sep  2 01:13:31 UTC 2025
Automated commit on Wed Sep  3 01:09:20 UTC 2025
Automated commit on Thu Sep  4 01:08:57 UTC 2025
Automated commit on Fri Sep  5 01:10:45 UTC 2025
Automated commit on Sat Sep  6 01:09:00 UTC 2025
Automated commit on Sun Sep  7 01:16:07 UTC 2025
Automated commit on Mon Sep  8 01:14:41 UTC 2025
Automated commit on Tue Sep  9 01:11:56 UTC 2025
Automated commit on Wed Sep 10 01:09:54 UTC 2025
Automated commit on Thu Sep 11 01:11:45 UTC 2025
Automated commit on Fri Sep 12 01:08:43 UTC 2025
Automated commit on Sat Sep 13 01:05:55 UTC 2025
Automated commit on Sun Sep 14 01:15:15 UTC 2025
Automated commit on Mon Sep 15 01:15:34 UTC 2025
Automated commit on Tue Sep 16 01:09:49 UTC 2025
Automated commit on Wed Sep 17 01:09:24 UTC 2025
Automated commit on Thu Sep 18 01:09:29 UTC 2025
Automated commit on Fri Sep 19 01:11:57 UTC 2025
Automated commit on Sat Sep 20 01:08:17 UTC 2025
Automated commit on Sun Sep 21 01:17:13 UTC 2025
Automated commit on Mon Sep 22 01:16:29 UTC 2025
Automated commit on Tue Sep 23 01:09:55 UTC 2025
Automated commit on Wed Sep 24 01:10:55 UTC 2025
Automated commit on Thu Sep 25 01:11:23 UTC 2025
Automated commit on Fri Sep 26 01:10:59 UTC 2025
Automated commit on Sat Sep 27 01:08:17 UTC 2025
Automated commit on Sun Sep 28 01:18:02 UTC 2025
Automated commit on Mon Sep 29 01:12:57 UTC 2025
Automated commit on Tue Sep 30 01:12:24 UTC 2025
Automated commit on Wed Oct  1 01:19:23 UTC 2025
Automated commit on Thu Oct  2 01:09:42 UTC 2025
Automated commit on Fri Oct  3 01:09:34 UTC 2025
Automated commit on Sat Oct  4 01:06:49 UTC 2025
Automated commit on Sun Oct  5 01:17:15 UTC 2025
Automated commit on Mon Oct  6 01:11:46 UTC 2025
Automated commit on Tue Oct  7 01:10:40 UTC 2025
Automated commit on Wed Oct  8 01:10:21 UTC 2025
Automated commit on Thu Oct  9 01:11:24 UTC 2025
Automated commit on Fri Oct 10 01:11:06 UTC 2025
Automated commit on Sat Oct 11 01:08:40 UTC 2025
Automated commit on Sun Oct 12 01:14:40 UTC 2025
Automated commit on Mon Oct 13 01:16:04 UTC 2025
Automated commit on Tue Oct 14 01:11:04 UTC 2025
Automated commit on Wed Oct 15 01:13:02 UTC 2025
Automated commit on Thu Oct 16 01:12:44 UTC 2025
Automated commit on Fri Oct 17 01:12:18 UTC 2025
Automated commit on Sat Oct 18 01:09:15 UTC 2025
Automated commit on Sun Oct 19 01:20:44 UTC 2025
Automated commit on Mon Oct 20 01:18:16 UTC 2025
Automated commit on Tue Oct 21 01:14:35 UTC 2025
Automated commit on Wed Oct 22 01:16:01 UTC 2025
Automated commit on Thu Oct 23 01:14:07 UTC 2025
Automated commit on Fri Oct 24 01:10:24 UTC 2025
Automated commit on Sat Oct 25 01:11:41 UTC 2025
Automated commit on Sun Oct 26 01:18:50 UTC 2025
Automated commit on Mon Oct 27 01:20:12 UTC 2025
Automated commit on Tue Oct 28 01:12:42 UTC 2025
Automated commit on Wed Oct 29 01:17:43 UTC 2025
Automated commit on Thu Oct 30 01:17:22 UTC 2025
Automated commit on Fri Oct 31 01:15:04 UTC 2025
Automated commit on Sat Nov  1 01:19:13 UTC 2025
Automated commit on Sun Nov  2 01:19:51 UTC 2025
Automated commit on Mon Nov  3 01:18:39 UTC 2025
Automated commit on Tue Nov  4 01:15:34 UTC 2025
Automated commit on Wed Nov  5 01:17:04 UTC 2025
Automated commit on Thu Nov  6 01:16:19 UTC 2025
Automated commit on Fri Nov  7 01:15:52 UTC 2025
Automated commit on Sat Nov  8 01:12:11 UTC 2025
Automated commit on Sun Nov  9 01:19:26 UTC 2025
Automated commit on Mon Nov 10 01:19:13 UTC 2025
Automated commit on Tue Nov 11 01:17:05 UTC 2025
Automated commit on Wed Nov 12 01:16:31 UTC 2025
Automated commit on Thu Nov 13 01:17:09 UTC 2025
Automated commit on Fri Nov 14 01:16:20 UTC 2025
Automated commit on Sat Nov 15 01:14:24 UTC 2025
Automated commit on Sun Nov 16 01:21:21 UTC 2025
Automated commit on Mon Nov 17 01:17:23 UTC 2025
Automated commit on Tue Nov 18 01:16:34 UTC 2025
Automated commit on Wed Nov 19 01:16:06 UTC 2025
Automated commit on Thu Nov 20 01:14:58 UTC 2025
Automated commit on Fri Nov 21 01:15:45 UTC 2025
Automated commit on Sat Nov 22 01:13:18 UTC 2025
Automated commit on Sun Nov 23 01:26:18 UTC 2025
Automated commit on Mon Nov 24 01:21:22 UTC 2025
Automated commit on Tue Nov 25 01:16:25 UTC 2025
Automated commit on Wed Nov 26 01:16:52 UTC 2025
Automated commit on Thu Nov 27 01:15:44 UTC 2025
Automated commit on Fri Nov 28 01:15:01 UTC 2025
Automated commit on Sat Nov 29 01:15:09 UTC 2025
Automated commit on Sun Nov 30 01:25:39 UTC 2025
Automated commit on Mon Dec  1 01:40:29 UTC 2025
Automated commit on Tue Dec  2 01:18:16 UTC 2025
Automated commit on Wed Dec  3 01:18:41 UTC 2025
Automated commit on Thu Dec  4 01:18:38 UTC 2025
Automated commit on Fri Dec  5 01:18:57 UTC 2025
